{
  "test_type": "CACHE_BASELINE_SIMULATION",
  "instances": 2,
  "timestamp": "2025-10-28T17:10:26.330Z",
  "rps": 9.064732216477045,
  "total_requests": 1916,
  "latency_avg": 990.4550771920669,
  "latency_p50": 4.2105,
  "latency_p95": 3991.88315,
  "latency_max": 5004.6501,
  "error_rate": 28.81002087682672,
  "max_vus": 15,
  "duration_seconds": 211.3686267
}