{
  "instances": 2,
  "rps": 66.11956354545997,
  "p95_latency": 52.401379999999996,
  "avg_latency": 38.35038515386423,
  "error_rate": 50.01174536058257,
  "total_requests": 4257,
  "max_vus": 10,
  "duration": 64.3833651
}